multiplier,cor_min,cor_max,cor_mean,cor_median,cor_EL,cor_EG,cor_EA,cor_LG,cor_LA,cor_GA,E_mean,E_sd,E_min,E_max,L_mean,L_sd,L_min,L_max,G_mean,G_sd,G_min,G_max,A_mean,A_sd,A_min,A_max,mean_diff_EL,mean_diff_EG,mean_diff_EA,max_diff,n_valid
1,0.9587740605232626,0.9946355695557366,0.9774117850526554,0.977174876065678,0.9587740605232626,0.9683485976388383,0.9712134792678642,0.9831362728634919,0.9946355695557366,0.9883627304667383,0.8936068714769925,0.15702620793805025,0.5104911937290507,1,0.880934022225964,0.18079783546371683,0.4276020229408118,1,0.9089916279233151,0.1359951666357433,0.5929365465848033,1,0.8742391271224477,0.18854508304330406,0.4118590681555782,1,0.021646952522559194,0.02237529120540252,0.020704498497613324,0.31290197476377923,86
2,0.9445751631066995,0.9932964854793772,0.9708621587896,0.9731862388904857,0.9445751631066995,0.9525891929985016,0.9668543776856754,0.9795181000952962,0.9932964854793772,0.98833963337205,0.8792983658628902,0.17833724116838848,0.4389307981432363,1,0.8680664787207282,0.2016691849606571,0.36169691041741303,1,0.906208629133856,0.14077018539726166,0.5704492739035861,1,0.8742391271224477,0.18854508304330406,0.4118590681555782,1,0.02706686740046982,0.03408464407170845,0.018749929228080196,0.3700423002226759,86
3,0.9380495871786371,0.9926042990185527,0.9676414527420638,0.9710970394832834,0.9380495871786371,0.9451776260735866,0.9642636868436771,0.9779303921228898,0.9926042990185527,0.9878231252150399,0.8699787691842267,0.1923591528876864,0.38969014935806384,1,0.8618251286315919,0.21164946690151826,0.33063829132814226,1,0.9048152670771747,0.143207646490891,0.5599552133189385,1,0.8742391271224477,0.18854508304330406,0.4118590681555782,1,0.029231710180552737,0.0416204423724104,0.022941467910074113,0.3944820270839267,86
4,0.9340844567659328,0.9921930536686696,0.96565964975802,0.9697209927990132,0.9340844567659328,0.9408328161546888,0.9624454057008571,0.9769965798971694,0.9921930536686696,0.9874055863608023,0.8635208233612748,0.20217391936921086,0.3546045614633699,1,0.8582009428181622,0.21745103144556335,0.31265698553968946,1,0.9039502849030749,0.14471828269014606,0.5538797045595883,1,0.8742391271224477,0.18854508304330406,0.4118590681555782,1,0.030999077441337532,0.04705428834209339,0.02700855741382641,0.40738349880400593,86
5,0.931468400863046,0.9919207025552248,0.9643269467918886,0.968768901534659,0.931468400863046,0.9379609009712102,0.9611780416555596,0.9763597614137585,0.9919207025552248,0.9870738732925325,0.8588559821292486,0.20929610967511697,0.3295434272528025,1,0.8558373433745832,0.2212381772899186,0.3009300469819264,1,0.9033704000534055,0.14572909189234665,0.5499174162381977,1,0.8742391271224477,0.18854508304330406,0.4118590681555782,1,0.03238937781582222,0.05105826143974095,0.030420444304890343,0.4152084578066093,86
6,0.9296011941175805,0.9917276027411261,0.9633635306730154,0.9680689412852884,0.9296011941175805,0.9359038921853312,0.9602437534055849,0.975894129164992,0.9917276027411261,0.9868106124234779,0.8553310904792214,0.21469060861362654,0.31074757659487695,1,0.8541740696920647,0.2239047790628461,0.29267775688574893,1,0.902958200355877,0.1464479049837433,0.547129139271108,1,0.8742391271224477,0.18854508304330406,0.4118590681555782,1,0.033533815891624325,0.0540956454718048,0.03302742568260412,0.42040129889331956,86
7,0.9281776888053646,0.9915832540476813,0.9626335628457015,0.9675321412580639,0.9281776888053646,0.9343631325618402,0.9595171447599985,0.9755471377561292,0.9915832540476813,0.9866130191431948,0.8525766175323488,0.21890013235077427,0.29612858163854594,1,0.8529381277722743,0.22588577359826154,0.2865550900403152,1,0.9026502142256972,0.14698598239777327,0.5450604176505882,1,0.8742391271224477,0.18854508304330406,0.4118590681555782,1,0.03453374602579068,0.05647562143478348,0.035109685878928223,0.4240719549313764,86
8,0.9270600949528464,0.9914716188876349,0.9620606888947156,0.9671077252061939,0.9270600949528464,0.9331597233586606,0.9589379765968833,0.9752774738155044,0.9914716188876349,0.9864572457567639,0.8503691741098809,0.2222748414076191,0.28443338567398163,1,0.8519827954678019,0.2274163459747366,0.2818318899025732,1,0.902411184098509,0.14740487568699426,0.5434645466861685,1,0.8742391271224477,0.18854508304330406,0.4118590681555782,1,0.035333127626807785,0.05838613127130621,0.03696986782708553,0.42679070371879674,86
9,0.926174286473263,0.9913900408879706,0.961605894054564,0.966772570523571,0.926174286473263,0.9321952109151778,0.9584682559826531,0.9750768850644891,0.9913900408879706,0.9863306850038307,0.8485621843894398,0.22503902194973235,0.27486458897524674,1,0.8512162636293928,0.22864282050444312,0.27807755133121154,1,0.9022204143829635,0.1477393074163943,0.5421960338682799,1,0.8742391271224477,0.18854508304330406,0.4118590681555782,1,0.036062248357678385,0.05995202096503859,0.03850994475772863,0.42887807269998324,86
10,0.9254489569293547,0.9913235805912175,0.9612327612201071,0.9664966427560946,0.9254489569293547,0.9314049770149503,0.9580805735176183,0.974912711994571,0.9913235805912175,0.9862257672729309,0.8470563596224142,0.22734368601879804,0.26689059172638435,1,0.8505923423655688,0.2296412765516201,0.2750216943543886,1,0.9020649142034899,0.1480120968123694,0.5411635234351047,1,0.8742391271224477,0.18854508304330406,0.4118590681555782,1,0.03672264657719514,0.061258450969427766,0.039793342199922435,0.43052696915863325,86
11,0.924843968980714,0.991268399037708,0.9609211672455283,0.9662656097289106,0.924843968980714,0.9307459974753381,0.957755373051302,0.9747758464065192,0.991268399037708,0.9861374185215889,0.8457817789949146,0.22929524992335854,0.2601433632851933,1,0.8500746204658123,0.23046989209701849,0.2724859832462166,1,0.9019358821396823,0.14823869185619645,0.5403067594585477,1,0.8742391271224477,0.18854508304330406,0.4118590681555782,1,0.037317010688213526,0.06236551571066789,0.040879715091026066,0.4318599263408016,86
12,0.9243307833665382,0.9912218536310357,0.9606577335301886,0.9660697733128416,0.9243307833665382,0.9301918576738181,0.957479628109919,0.9746599185157642,0.9912218536310357,0.9860623598840565,0.844686540947748,0.23097281400338343,0.25436002462110086,1,0.8496381098444462,0.23116860503268694,0.2703480307433072,1,0.9018266133212564,0.1484309648992507,0.5395843898313863,1,0.8742391271224477,0.18854508304330406,0.4118590681555782,1,0.03783006043865726,0.06331754569410578,0.041813632221278055,0.43295824917817183,86
13,0.9238896908349203,0.9911820664570272,0.9604321741613454,0.9659017190395388,0.9238896908349203,0.929720136088506,0.9572429104488361,0.9745605276302415,0.9911820664570272,0.9859977135085415,0.8437325102268682,0.23243397465073704,0.24934779777878718,1,0.8492650916771047,0.23176574180273965,0.26852105315008856,1,0.9017330512763085,0.14859580226562435,0.53896709214986,1,0.8742391271224477,0.18854508304330406,0.4118590681555782,1,0.03828015144523526,0.06414790487467037,0.04262785148083392,0.4369117679707622,86
14,0.9235074202153297,0.9911476666821984,0.9602365626785209,0.9657560106259255,0.9235074202153297,0.9293106440832748,0.9570369753733052,0.9744750458785458,0.9911476666821984,0.9859416238384712,0.8428972520497576,0.23371337066461387,0.24496209929213797,1,0.848942652244307,0.23228195125739667,0.26694180133160583,1,0.9016519181555844,0.14873890270479007,0.5384334958488796,1,0.8742391271224477,0.18854508304330406,0.4118590681555782,1,0.03867492799813521,0.06487516472075433,0.043340774629287857,0.4411134680845682,86
15,0.9231728453876558,0.9911176303960786,0.9600653405662598,0.9656283296808448,0.9231728453876558,0.9289526028566986,0.9568564114155861,0.9744002479461035,0.9911176303960786,0.9858923053954367,0.8421599125210902,0.23484299174158849,0.24109236533335954,1,0.8486611575013832,0.23273264071414823,0.2655630894273219,1,0.9015810876533598,0.14886389801185373,0.537967657808434,1,0.8742391271224477,0.18854508304330406,0.4118590681555782,1,0.03902396203261947,0.06551757341513037,0.043970171485613364,0.4448225685432635,86
16,0.922877371887975,0.9910911774903041,0.9599143663691877,0.9655156540571362,0.922877371887975,0.9286377345419066,0.9566970579726263,0.9743342501416462,0.9910911774903041,0.9858486061806679,0.8415036186282825,0.23584861036241378,0.2376526018142227,1,0.8484132740710586,0.23312953983943557,0.2643489998392319,1,0.9015187145245408,0.14897401959249357,0.5375574422205499,1,0.8742391271224477,0.18854508304330406,0.4118590681555782,1,0.039370982213855876,0.06608976485244031,0.04453051633633562,0.44812087868169054,86
17,0.9226154540624035,0.9910677032259488,0.959780638767411,0.9654157882250581,0.9226154540624035,0.9283594783118337,0.9565559897365644,0.9742755867135519,0.9910677032259488,0.9858096205541642,0.8409160988421723,0.23674875405284115,0.23457491866523172,1,0.8481933211681005,0.23348173614109707,0.2632717090785749,1,0.9014633693539025,0.1490717730786461,0.5371934481074424,1,0.8742391271224477,0.18854508304330406,0.4118590681555782,1,0.03970659379689995,0.06660163698127919,0.04503156805757926,0.4510730468590658,86
18,0.9223826713206494,0.991046732540178,0.959662140994213,0.9653272772718892,0.9223826713206494,0.9281142605986249,0.9564314481357823,0.974223106407996,0.991046732540178,0.9857746269620472,0.840386625325112,0.23755956737701772,0.2318050038316904,1,0.8479968247482443,0.23379638608678915,0.2623093293319284,1,0.9014139276681201,0.14915913124825625,0.5368682800329305,1,0.8742391271224477,0.18854508304330406,0.4118590681555782,1,0.04002276501963353,0.06706183439135194,0.04548185087838538,0.4537308349847012,86
19,0.9221732739329217,0.9910278905003197,0.9595554191366701,0.9652475833430272,0.9221732739329217,0.927893857357712,0.9563191618089433,0.9741760048771111,0.9910278905003197,0.985742326343013,0.8399075409205586,0.23829327700654926,0.22929889041053342,1,0.8478201948036823,0.23407922655534194,0.26144440576251327,1,0.9013684012566633,0.14923995356476713,0.536576040371129,1,0.8742391271224477,0.18854508304330406,0.4118590681555782,1,0.040309223122359475,0.06747729127230959,0.04588928655775221,0.4561361763012396,86
20,0.9219838421717577,0.9910108641868621,0.9594587866882037,0.9651754667017932,0.9219838421717577,0.9276948964294889,0.9562174201032653,0.9741335133003212,0.9910108641868621,0.9857121839375271,0.839472009643691,0.23896035113048017,0.2270206054820726,1,0.8476605894321126,0.23433481463058137,0.26066284832032627,1,0.9013259527539726,0.14931574765094233,0.536311968387597,1,0.8742391271224477,0.18854508304330406,0.4118590681555782,1,0.040569960967940334,0.0678537913684419,0.046259682629915796,0.45832340209898603,86
21,0.9218116507315826,0.9909954033132662,0.9593709192768409,0.9651098541446761,0.9218116507315826,0.927514012279133,0.9561248051564869,0.9740949031328654,0.9909954033132662,0.9856847410477118,0.8390743506517657,0.23956947272456489,0.2249404322871088,1,0.8475156604165274,0.23456690800930508,0.2599531582286043,1,0.9012874075618809,0.1493845871239364,0.536072178885167,1,0.8742391271224477,0.18854508304330406,0.4118590681555782,1,0.04080829097038561,0.06819765963935155,0.04659787034796885,0.46032088941671223,86
22,0.9216544486804689,0.990981301554532,0.9592906763805069,0.9650499040863048,0.9216544486804689,0.9273488488758831,0.9560401422595348,0.9740596659130748,0.990981301554532,0.9856596509995479,0.8387098299091804,0.24012787905093294,0.22303360685789164,1,0.8473834724133038,0.23477860390916058,0.25930585847470444,1,0.9012522509581028,0.14944738717259365,0.5358534697786196,1,0.8742391271224477,0.18854508304330406,0.4118590681555782,1,0.04102698061945352,0.06851296150155887,0.0469078757561803,0.4621522980567332,86
23,0.9215103605599712,0.9909683873048213,0.959217107081587,0.9649949140785796,0.9215103605599712,0.9271974424946232,0.955962449903973,0.9740273782531862,0.9909683873048213,0.9856366239729473,0.8383744708259886,0.24064165050847933,0.221279327463132,1,0.8472624160314174,0.23497247807292118,0.2587130681742146,1,0.9012200549104323,0.1495049091583898,0.5356531782811038,1,0.8742391271224477,0.18854508304330406,0.4118590681555782,1,0.04122836002143862,0.06880311409771162,0.04719308073174489,0.46383751154985237,86
24,0.921377811235454,0.9909565166719331,0.9591484179713511,0.9649425101239308,0.921377811235454,0.9270572710768555,0.9558909016510925,0.9739941185967693,0.9909565166719331,0.9856138885960019,0.8380649085953675,0.24111593289327593,0.2196599926370459,1,0.8471511419834221,0.2351506900850147,0.2581681801200685,1,0.9011889718356961,0.14956037881481538,0.5354690719549775,1,0.8742391271224477,0.18854508304330406,0.4118590681555782,1,0.04141440495951596,0.06906952181066409,0.04745634686302383,0.4653933615571984,86
25,0.921255468099382,0.9909455681015799,0.9590848173021906,0.964893778324796,0.921255468099382,0.926927709585249,0.9558247966847523,0.9739627599648395,0.9909455681015799,0.985592601377341,0.8377782769003168,0.24155511031586985,0.21816060853928143,1,0.8470485105799208,0.23531506415550754,0.2576656134683234,1,0.9011600203178183,0.14961203787677582,0.535299265149525,1,0.8742391271224477,0.18854508304330406,0.4118590681555782,1,0.04158680173230623,0.06931597214246177,0.047700111799409826,0.4668341916960146,86
26,0.9211414580953381,0.9909354382059363,0.9590256349819739,0.9648482368005912,0.9211414580953381,0.926807564212864,0.9557627346529782,0.9739337389482041,0.9909354382059363,0.9855728757765224,0.8375115708162941,0.24196392163694933,0.21676832330524987,1,0.8469535525523828,0.23546715178953795,0.2572006218930014,1,0.90113321967281,0.14965984462444648,0.5351421541798704,1,0.8742391271224477,0.18854508304330406,0.4118590681555782,1,0.041747546347901295,0.06954540484909576,0.047927013036111625,0.46817230083709727,86
27,0.9210354412441668,0.9909260384930298,0.9589706140175822,0.9648058470611589,0.9210354412441668,0.9266959645674552,0.9557048907152759,0.9739068034070418,0.9909260384930298,0.9855545456785241,0.8372631421792089,0.24234476720107764,0.21547205774256523,1,0.8468654383466472,0.2356082809102237,0.25676914322423866,1,0.9011083377443664,0.14970421481539592,0.5349963665232835,1,0.8742391271224477,0.18854508304330406,0.4118590681555782,1,0.04189741921565629,0.06975916231538898,0.04813838198775807,0.469418294890153,86
28,0.9209367407058107,0.9909172927779704,0.9589193832307333,0.9647663679333283,0.9209367407058107,0.9265920562279244,0.955650996876687,0.9738817389899694,0.9909172927779704,0.985537473806038,0.8370312754512826,0.24270024082580804,0.21426220988409295,1,0.8467834538248001,0.2357395947325674,0.25636768046269576,1,0.9010851867326948,0.14974550243622356,0.5348607206168691,1,0.8742391271224477,0.18854508304330406,0.4118590681555782,1,0.04203738541701809,0.06995870784076774,0.04833565967593655,0.4705813683875253,86
29,0.920844624429589,0.9909091351158075,0.9588715640760141,0.9647295096435915,0.920844624429589,0.926495070663658,0.9556006619995446,0.9738583572876383,0.9909091351158075,0.9855215349598474,0.8368143678670812,0.24303279612815373,0.21313041672616745,1,0.8467069808674431,0.23586208279920337,0.25599320679437587,1,0.9010635920915492,0.14978401793659382,0.5347341937627461,1,0.8742391271224477,0.18854508304330406,0.4118590681555782,1,0.04216839538060758,0.07014541301172235,0.04852020977135161,0.4716695316791493,86
30,0.9207584548700197,0.9909015081373925,0.9588268267875826,0.9646950196419176,0.9207584548700197,0.9264043384229715,0.9555535449213971,0.9738364943624381,0.9909015081373925,0.9855066200112765,0.8366110170069005,0.2433445802409509,0.21206936064101883,1,0.8466354817609687,0.23597660596182307,0.25564308913708966,1,0.9010434019799202,0.14982003143282804,0.5346158962977896,1,0.8742391271224477,0.18854508304330406,0.4118590681555782,1,0.042291281774923764,0.07032047844052795,0.04869322548578542,0.4726897956129163,86
31,0.9206776742136848,0.990894361699551,0.9587848827679071,0.9646626768115376,0.9206776742136848,0.9263192736662383,0.9555093467223599,0.9738160069007152,0.990894361699551,0.9854926334048928,0.8364199904412704,0.2436374802168053,0.2110726109848482,1,0.8465684865352195,0.23608391664279368,0.25531502613554474,1,0.901024483686339,0.14985377905198713,0.5344932424194591,1,0.8742391271224477,0.18854508304330406,0.4118590681555782,1,0.04240677719161716,0.07048495959811292,0.04885575539936439,0.47364832270205437,86
32,0.920601792293963,0.9908876517822958,0.9587454783586973,0.9646322867270201,0.920601792293963,0.9262393615092845,0.9554678043855109,0.9737967690685291,0.9908876517822958,0.9854794911126004,0.8362402007324438,0.24391316124860865,0.21013449366112907,1,0.8465055826209656,0.2361846753856123,0.25500699751554357,1,0.9010067207084,0.14988546811486378,0.5343067791613751,1,0.8742391271224477,0.18854508304330406,0.4118590681555782,1,0.04251552873613505,0.07063978810094118,0.04900872472977809,0.47455055166131693,86
33,0.9205303766383021,0.9908813395820009,0.9587083897092705,0.9646036777453607,0.9205303766383021,0.9261641475976422,0.9554286855648081,0.9737786699259133,0.9908813395820009,0.9854671189469568,0.8360706847212654,0.24417309834283493,0.20924998304227982,1,0.8464464063460695,0.23627946446368864,0.25471722244347317,1,0.9009900103513736,0.14991528139874416,0.5341313655775544,1,0.8742391271224477,0.18854508304330406,0.4118590681555782,1,0.042618110139291954,0.07078578935864323,0.049152952955594756,0.47540130063359254,86
34,0.9204630442229318,0.9908753907611398,0.9586734185235299,0.9645766977643713,0.9204630442229318,0.9260932294663647,0.9553917842421092,0.9737616112866332,0.9908753907611398,0.9854554511620005,0.8359105862662728,0.24441860271731206,0.2084146119015608,1,0.8463906358999438,0.23636879913985312,0.2544441250731623,1,0.9009742617415085,0.1499433806649309,0.533966047739719,1,0.8742391271224477,0.18854508304330406,0.4118590681555782,1,0.042715031866960566,0.07092369728810381,0.04928916850220181,0.4762048532440211,86
35,0.920399454602344,0.9908697748237826,0.9586403885149959,0.9645512115192962,0.920399454602344,0.926026249339089,0.955356917101798,0.9737455059367943,0.9908697748237826,0.9854444292861673,0.835759141781805,0.24465084392114436,0.20762439595843507,1,0.8463379854787845,0.2364531370365558,0.2541863058777658,1,0.90095939417275706,0.14996990959483708,0.5338099784521418,1,0.8742391271224477,0.18854508304330406,0.4118590681555782,1,0.04280674960372511,0.07105416664750104,0.0494180210462903,0.47696503071457197,86
36,0.9203398072541779,0.9908646753434047,0.9586092869679694,0.9645271749867648,0.9203398072541779,0.925962888093054,0.9553239204878415,0.9737304294856879,0.9908646753434047,0.9854340011436504,0.835615668059673,0.24487086846409017,0.20687577032731547,1,0.8462880888590161,0.23653291926136433,0.25394251765914577,1,0.9009453357234016,0.14999499624730367,0.5336624027315897,1,0.8742391271224477,0.18854508304330406,0.4118590681555782,1,0.042893559879624184,0.07117778342754313,0.04954009187754123,0.4776852526199093,86
37,0.9202848457519678,0.9908604841147614,0.9585802621061478,0.9645046312820642,0.9202848457519678,0.9259028601766778,0.9552926478377783,0.9737166147263501,0.9908604841147614,0.9854241200293515,0.8354795519643228,0.24507961558163383,0.20616553575466384,1,0.8462404811825242,0.23660859332616122,0.25371164537226254,1,0.9009320220925469,0.15001875512575405,0.533522645591973,1,0.8742391271224477,0.18854508304330406,0.4118590681555782,1,0.04297559203788857,0.07129507364794697,0.04965590266616482,0.47836858829989376,86
38,0.9202327098931896,0.9908565088230291,0.9585527251835251,0.964483239532753,0.9202327098931896,0.925845909308946,0.9552629675083367,0.973703511557169,0.9908565088230291,0.9854147440104799,0.8353502416737706,0.24527793063677342,0.20549081291029442,1,0.8461953254518141,0.23668036765721115,0.25349268907433975,1,0.9009193956168374,0.15004128892543675,0.5333901017240212,1,0.8742391271224477,0.18854508304330406,0.4118590681555782,1,0.043053543371685765,0.07140651083729528,0.04976592291531997,0.4790178005816273,86
39,0.9201831813486203,0.9908527332827737,0.9585265637046113,0.9644629137207472,0.9201831813486203,0.9257918048224425,0.9552347609242328,0.9736910665172617,0.9908527332827737,0.985405835332337,0.8352272392022173,0.24546657656179668,0.20484900337557732,1,0.8461524417075399,0.23674853129726395,0.2532847494458983,1,0.9009074044354981,0.150062690017407,0.5332642267301315,1,0.8742391271224477,0.18854508304330406,0.4118590681555782,1,0.0431277156682123,0.07151252242092472,0.04987057632310244,0.479635383103973,86
40,0.9201360693092016,0.9908491428094905,0.9585016771347442,0.9644435761186049,0.9201360693092016,0.9257403385418984,0.9552079209964651,0.9736792312407446,0.9908491428094905,0.9853973599106652,0.8351100939912542,0.24564624366575027,0.2042377562004668,1,0.8461116626869194,0.23681335002072632,0.2530870154428056,1,0.9008960017784036,0.1500830417140365,0.5331445296500152,1,0.8742391271224477,0.18854508304330406,0.4118590681555782,1,0.04319837717211067,0.07161349519787995,0.0499702462352474,0.4802235923225291,86
41,0.9200912011398262,0.9908457241233067,0.9584779745031369,0.9644251563757988,0.9200912011398262,0.9256913221078152,0.9551823507643367,0.9736679619872611,0.9908457241233067,0.9853892868962753,0.8349983973947275,0.2458175580752727,0.20365493912498744,1,0.8460728371523238,0.23687506414276105,0.2528987537276086,1,0.900885145356368,0.15010241935297267,0.5330305665616039,1,0.8742391271224477,0.18854508304330406,0.4118590681555782,1,0.043265771333055356,0.07170978005565408,0.050065280337539576,0.4807844750561505,86
42,0.9200484202667529,0.990842465185126,0.9584553732924258,0.964407590664133,0.9200484202667529,0.9256445846741251,0.9551579622261108,0.973657219102155,0.990842465185126,0.9853815883002849,0.8348917779162706,0.2459810890237804,0.20309861373598592,1,0.8460358280170208,0.23693389149639474,0.25271929957810285,1,0.9008747968371251,0.15012089122891048,0.5329219350796206,1,0.8742391271224477,0.18854508304330406,0.4118590681555782,1,0.0433301196049825,0.07180169604285994,0.05015599470787232,0.4813198922712988,86
43,0.9200075843519226,0.9908393550549873,0.9584337984789316,0.9643908209389187,0.9200075843519226,0.9255999709187293,0.9551346753276581,0.9736469665501795,0.9908393550549873,0.9853742386701129,0.8347898970812545,0.24613735517046148,0.20256701391902832,1,0.8460005107278724,0.2369900300016051,0.25254804904679107,1,0.9008649213930459,0.15013851939791129,0.5328182696085306,1,0.8742391271224477,0.18854508304330406,0.4118590681555782,1,0.04339162387506413,0.07188953390039884,0.050242677328460744,0.4818315397166686,86
44,0.9199685637109031,0.9908363837693611,0.9584131817009361,0.9643747942985601,0.9199685637109031,0.925557339319582,0.9551124170852632,0.973637171511857,0.9908363837693611,0.9853672148086503,0.8346924458477807,0.2462868300942309,0.20205852713850403,1,0.8459667718650687,0.23704365988973106,0.2523844521705994,1,0.9008554873096054,0.15015536037378185,0.5327192372312017,1,0.8742391271224477,0.18854508304330406,0.4118590681555782,1,0.043450468577537864,0.07197355913246989,0.050325591139428125,0.4823209658517209,86
45,0.9199312399379198,0.9908335422348004,0.9583934605353731,0.9643594624272378,0.9199312399379198,0.9255165606552406,0.9550911208219048,0.9736278040325709,0.9908335422348004,0.9853604955298021,0.8345991414753025,0.24642994708779156,0.20157167809300214,1,0.8459345079252288,0.2370949456365021,0.2522280070705149,1,0.9008464656451002,0.1501714657333844,0.5326245341376181,1,0.8742391271224477,0.18854508304330406,0.4118590681555782,1,0.04350682253942738,0.07205401468668048,0.05040497670313582,0.4827895875039887,86
46,0.9198955047052976,0.9908308221348013,0.9583745778667545,0.964344781108718,0.9198955047052976,0.9254775166976165,0.9550707255006973,0.9736188367167389,0.9908308221348013,0.9853540614453759,0.8345097247849823,0.24656710335194687,0.20110511442365409,1,0.8459036242608767,0.23714403764696362,0.2520782548082645,1,0.9008378299341606,0.15018688264406885,0.5325338825137278,1,0.8742391271224477,0.18854508304330406,0.4118590681555782,1,0.043560840597014885,0.07213112329944191,0.05048105453504408,0.4832387035616057,86
47,0.9198612587138678,0.9908282158486842,0.9583564813347059,0.9643307098004896,0.9198612587138678,0.9254400990664987,0.9550511751408087,0.9736102444601705,0.9908282158486842,0.9853478947782048,0.8344239577555124,0.24669866367675305,0.20065759417010842,1,0.8458740341531634,0.2371910737283735,0.2519347748929309,1,0.9008295559283893,0.1502016543251701,0.5324470278161566,1,0.8742391271224477,0.18854508304330406,0.4118590681555782,1,0.043612665015364926,0.07220508955479417,0.050554027149293,0.4836695069935043,86
48,0.9198284107713658,0.9908257163802596,0.9583391228492583,0.9643172112600011,0.9198284107713658,0.9254042082255917,0.9550324183045775,0.9736020042154246,0.9908257163802596,0.9853419791983302,0.8343416214072474,0.24682496368142737,0.20022797472602405,1,0.8458456579985918,0.23723618038241576,0.2517971813326536,1,0.9008216213690127,0.15021582045253926,0.5323637363883906,1,0.8742391271224477,0.18854508304330406,0.4118590681555782,1,0.04366242673866237,0.07227610169670903,0.0506240808589673,0.48408309543421546,86
49,0.9197968769822612,0.9908233172952249,0.9583224581643975,0.9643042512158111,0.9197968769822612,0.9253697525986259,0.9550144076461408,0.9735940947854814,0.9908233172952249,0.985336299678651,0.8342625139353599,0.24694631267298192,0.19981520310372747,1,0.8458184225939307,0.2372794739411059,0.2516651191716566,1,0.9008140057868976,0.15022941751445354,0.5322837933599014,1,0.8742391271224477,0.18854508304330406,0.4118590681555782,1,0.04371024649402839,0.07234433322835916,0.05069138736433752,0.48448048051560144,86
50,0.9197665800314805,0.9908210126658162,0.9583064465012328,0.9642917980768452,0.9197665800314805,0.9253366477888001,0.9549970995120496,0.9735864966416408,0.9908210126658162,0.985330842367609,0.8341864490585265,0.24706299617504224,0.1994183073129807,1,0.8457922605057212,0.23732106156856156,0.25153826143093194,1,0.9008066903262496,0.15024247912538594,0.5322070007955174,1,0.8742391271224477,0.18854508304330406,0.4118590681555782,1,0.043756235768938584,0.07240994432727905,0.050756105158002274,0.48486259613160554,86
